<?xml version="1.0" encoding="utf-8"?>
<browserconfig>
    <msapplication>
        <tile>
            <square70x70logo src="/plugins/ApplicationBranding/Assets/img/favicon/mstile-70x70.png"/>
            <square150x150logo src="/plugins/ApplicationBranding/Assets/img/favicon/mstile-150x150.png"/>
            <square310x310logo src="/plugins/ApplicationBranding/Assets/img/favicon/mstile-310x310.png"/>
            <TileColor>#2d89ef</TileColor>
        </tile>
    </msapplication>
</browserconfig>
